firstname,lastname,raw_email,country,phone,technical_test___create_date,industry,address,hs_object_id,city
William,Russell,william_russell1943282178@deons.tech,Éire / Ireland,(+353) 1350260784,2021-01-04,Fruit and vegetables,"Chancellor  Drive, 113",418451,Dublin
Zara,Rodwell,zara_rodwell1398442854@nickia.com,Éire / Ireland,(+353) 6777367783,2021-01-09,Fruit and vegetables,"Parkfield  Avenue, 5340",413403,Ireland
William,Butler,william_butler903409012@infotech44.tech,Éire / Ireland,(+353) 8716877321,2021-01-21,Bakery products,"Battis   Route, 3565",415352,Waterford
Wade,Anderson,wade_anderson2007937750@deavo.com,United Kingdom,(+44) 6174303382,2021-01-22,Meat,"Adams  Tunnel, 1181",440851,London
William,Howard,william_howard125389241@bauros.biz,Éire / Ireland,(+353) 4016542630,2021-01-25,Bakery products,"Glenwood Hill, 2606",426452,Ireland
Wade,Squire,wade_squire203830735@gmail.com,Éire / Ireland,(+353) 6021612161,2021-01-26,Milling,"Sheffield Way, 6710",427101,Dublin
Wade,Olivier,wade_olivier1315624253@hourpy.biz,United Kingdom,(+44) 547554113,2021-01-27,Milling,"Egerton  Road, 3958",422002,Oxford
Wade,Anderson,wade_anderson1689656165@cispeto.com,United Kingdom,(+44) 416603871,2021-01-28,Bakery products,"Callcott   Crossroad, 4279",423302,Winchester
Zara,Oldfield,zara_oldfield769606638@atink.com,Éire / Ireland,(+353) 2716506551,2021-01-28,Meat,"Battersea   Walk, 8093",433703,Limerick
William,Ellison,william_ellison1925260072@qater.org,Éire / Ireland,(+353) 3002120000,2021-01-29,Dairy products,"Bagford   Rue, 8742",419301,Cork
William,Drummond,william_drummond245745228@deavo.com,Éire / Ireland,(+353) 3568538141,2021-01-30,Meat,"Tiptree   Alley, 9461",416702,Dublin
William,Nobbs,william_nobbs1412544487@gmail.com,United Kingdom,(+44) 7327256536,2021-02-01,Fruit and vegetables,"St. Jamess  Grove, 7250",422151,Oxford
Wade,Wilton,wade_wilton2123816569@nanoff.biz,United Kingdom,(+44) 786142444,2021-02-07,Poultry and fish,"Chapel  Way, 1152",438751,Milton Keynes
Winnie,Walter,winnie_walter538064895@sheye.org,Éire / Ireland,(+353) 1161604327,2021-02-10,Dairy products,"Chester      Crossroad, 7070",419852,Dublin
William,Butler,william_butler363279550@acrit.org,Éire / Ireland,(+353) 8123752430,2021-02-16,Dairy products,"Colombo   Route, 4127",437951,Waterford
William,Murray,william_murray1948546759@guentu.biz,Éire / Ireland,(+353) 6821442556,2021-02-18,Fruit and vegetables,"Abourne   Grove, 6431",431503,Cork
Winnie,Bristow,winnie_bristow1379132537@sheye.org,United Kingdom,(+44) 1026166508,2021-02-19,Fruit and vegetables,"Aylward   Avenue, 6033",434002,Oxford
Wade,Partridge,wade_partridge1910368773@iatim.tech,Éire / Ireland,(+353) 2530540640,2021-02-19,Fruit and vegetables,"Glenwood Street, 8292",435701,Cork
William,Hammond,william_hammond670313608@womeona.net,Éire / Ireland,(+353) 8376318143,2021-02-26,Animal feeds,"Blanchard  Walk, 7924",418651,Cork
Wade,Alexander,wade_alexander542475192@gembat.biz,United Kingdom,(+44) 8034268512,2021-03-01,Animal feeds,"Argyle  Route, 5158",416152,Plymouth
William,Sanchez,william_sanchez384394044@jiman.org,United Kingdom,(+44) 5254677437,2021-03-01,Meat,"Abbotswell  Vale, 4157",435301,Winchester
William,Wilkinson,william_wilkinson881615937@dionrab.com,Éire / Ireland,(+353) 2021645301,2021-03-01,Bakery products,"Blackpool  Crossroad, 2845",434251,Limerick
William,Lee,william_lee327623314@eirey.tech,Éire / Ireland,(+353) 5361634414,2021-03-03,Dairy products,"Charnwood   Drive, 8903",413201,Waterford
William,Nobbs,william_nobbs468549179@sheye.org,Éire / Ireland,(+353) 1144224164,2021-03-10,Dairy products,"Thoresby   Hill, 154",413068,Ireland
William,Webster,william_webster42710007@iatim.tech,United Kingdom,(+44) 1213478357,2021-03-20,Milling,"Meadow Vale, 6166",432952,Plymouth
Wade,Gates,wade_gates1717184332@ovock.tech,United Kingdom,(+44) 5854686161,2021-03-24,Meat,"Sheringham   Avenue, 8029",432051,London
Willow,Jones,willow_jones456638849@atink.com,Éire / Ireland,(+353) 8438055458,2021-03-29,Milling,"Cliffords  Route, 6823",434401,Waterford
Willow,Nash,willow_nash743964098@twace.org,Éire / Ireland,(+353) 6164007600,2021-04-01,Animal feeds,"Cable    Drive, 7975",419751,Ireland
Wendy,Allen,wendy_allen315442473@bungar.biz,Éire / Ireland,(+353) 1302815524,2021-04-02,Dairy products,"Belfort  Road, 1115",435151,Cork
William,Ellison,william_ellison1928930215@yahoo.com,Éire / Ireland,(+353) 1776628802,2021-04-02,Poultry and fish,"Queen Way, 4432",429851,Dublin
Wade,Evans,wade_evans286489735@twipet.com,Éire / Ireland,(+353) 7455883101,2021-04-04,Dairy products,"Lincoln Street, 9508",426901,Dublin
Wendy,Farmer,wendy_farmer211975052@gompie.com,United Kingdom,(+44) 4311710435,2021-04-04,Meat,"Elizabeth  Way, 3916",432651,London
Wade,Webster,wade_webster2055881459@iatim.tech,United Kingdom,(+44) 8180437646,2021-04-05,Fruit and vegetables,"Beaconsfield  Tunnel, 605",429553,Oxford
Wade,Broomfield,wade_broomfield250485269@zorer.org,Éire / Ireland,(+353) 5207332613,2021-04-14,Milling,"Blean   Way, 2216",423701,Waterford
William,Tate,william_tate2145282000@bauros.biz,United Kingdom,(+44) 460247716,2021-04-19,Dairy products,"Cato   Avenue, 6705",413952,England
Wade,Squire,wade_squire1547863491@fuliss.net,Éire / Ireland,(+353) 1302617285,2021-04-20,Bakery products,"Under  Grove, 2014",422652,Ireland
William,Wooldridge,william_wooldridge512204749@bauros.biz,Éire / Ireland,(+353) 4860622866,2021-04-20,Poultry and fish,"Coley  Avenue, 3505",424451,Waterford
Willow,Jones,willow_jones1961334962@nanoff.biz,Éire / Ireland,(+353) 755888767,2021-04-21,Bakery products,"Lexington Route, 8805",434301,Dublin
William,Neville,william_neville1449359218@gompie.com,United Kingdom,(+44) 4846423365,2021-04-23,Fruit and vegetables,"Canon Way, 9376",431701,Milton Keynes
Wendy,Farmer,wendy_farmer220155607@gembat.biz,Éire / Ireland,(+353) 6283805226,2021-04-28,Meat,"Cingworth  Way, 4969",416251,Cork
Zara,Rodwell,zara_rodwell1270511699@zorer.org,Éire / Ireland,(+353) 3386252475,2021-04-28,Fruit and vegetables,"Becklow  Way, 8143",432351,Dublin
Wade,Hamilton,wade_hamilton544069508@grannar.com,Éire / Ireland,(+353) 5648847740,2021-04-30,Poultry and fish,"Liverpool  Boulevard, 5485",425802,Waterford
Wade,Norris,wade_norris620394876@sheye.org,Éire / Ireland,(+353) 3777553276,2021-05-08,Milling,"Norland  Avenue, 9497",424002,Dublin
Wade,Robinson,wade_robinson2075584090@joiniaa.com,United Kingdom,(+44) 2488743044,2021-05-09,Dairy products,"Cave   Alley, 8023",427701,Winchester
Wade,Partridge,wade_partridge1480773915@nimogy.biz,Éire / Ireland,(+353) 4038827010,2021-05-14,Milling,"St. Jamess  Route, 4469",417351,Waterford
Willow,Morris,willow_morris1105172480@qater.org,United Kingdom,(+44) 4660745823,2021-05-20,Fruit and vegetables,"Bellenden   Tunnel, 9570",413251,Winchester
William,Neville,william_neville1250658506@ovock.tech,Éire / Ireland,(+353) 6504663843,2021-05-22,Animal feeds,"Belfort  Lane, 7316",412907,Cork
William,Webster,william_webster1737049619@fuliss.net,United Kingdom,(+44) 6547630071,2021-05-26,Milling,"Rosewood Pass, 2189",434151,Winchester
Wade,Talbot,wade_talbot1250065469@mafthy.com,United Kingdom,(+44) 7540403214,2021-06-11,Bakery products,"Castlereagh   Vale, 902",438901,Oxford
Winnie,Bristow,winnie_bristow1103281781@infotech44.tech,United Kingdom,(+44) 8602840700,2021-06-18,Poultry and fish,"Thomas  Hill, 2473",437902,Milton Keynes
William,Russell,william_russell1435833104@ubusive.com,United Kingdom,(+44) 4385477886,2021-06-28,Animal feeds,"Yorkshire  Alley, 7931",431502,England
Wade,Watson,wade_watson1685192390@bretoux.com,Éire / Ireland,(+353) 3256045275,2021-06-28,Dairy products,"Amwell    Grove, 8499",425301,Dublin
Wade,Robinson,wade_robinson831903655@irrepsy.com,United Kingdom,(+44) 412105607,2021-07-06,Bakery products,"Carolina  Road, 1603",416101,London
William,Drummond,william_drummond876543037@joiniaa.com,Éire / Ireland,(+353) 3075784742,2021-07-13,Poultry and fish,"Cloth  Lane, 2193",427402,Limerick
Zoe,Owen,zoe_owen450104633@acrit.org,Éire / Ireland,(+353) 774386624,2021-07-13,Poultry and fish,"Blackpool  Rue, 6576",416102,Waterford
William,Lee,william_lee1895619270@mafthy.com,United Kingdom,(+44) 57715101,2021-07-16,Dairy products,"Parkfields Boulevard, 9611",412852,Milton Keynes
William,Murray,william_murray1838900397@womeona.net,Éire / Ireland,(+353) 3822884437,2021-07-18,Meat,"Chatfield  Way, 4734",413064,Limerick
William,Sanchez,william_sanchez1121153958@yahoo.com,Éire / Ireland,(+353) 1335387403,2021-07-22,Poultry and fish,"Virgil   Drive, 892",439801,Ireland
Wade,Tennant,wade_tennant804260542@grannar.com,United Kingdom,(+44) 445534178,2021-07-26,Poultry and fish,"Emily  Rue, 2924",429902,Oxford
Wade,Watson,wade_watson279793916@famism.biz,Éire / Ireland,(+353) 5851864635,2021-07-31,Dairy products,"Camley   Way, 7329",435401,Waterford
Wade,Hamilton,wade_hamilton1831139772@qater.org,United Kingdom,(+44) 5377445022,2021-08-02,Fruit and vegetables,"Coborn  Avenue, 6372",416154,England
Wade,Broomfield,wade_broomfield250795294@supunk.biz,United Kingdom,(+44) 3445803774,2021-08-08,Meat,"Clavell   Boulevard, 2549",431305,Oxford
Wade,Alexander,wade_alexander481189081@liret.org,Éire / Ireland,(+353) 5481346271,2021-08-16,Animal feeds,"Chestnut  Way, 5055",439951,Dublin
Wade,Garner,wade_garner1499936226@typill.biz,United Kingdom,(+44) 2183232858,2021-08-16,Bakery products,"Cardinal Route, 8776",424352,Oxford
William,Booth,william_booth683169247@supunk.biz,Éire / Ireland,(+353) 4730104132,2021-08-22,Milling,"Capeners  Lane, 8350",429451,Waterford
Wade,Evans,wade_evans1741289747@bretoux.com,United Kingdom,(+44) 7124054403,2021-08-24,Bakery products,"Calshot   Avenue, 7122",430301,Plymouth
Wade,Thompson,wade_thompson931319772@zorer.org,Éire / Ireland,(+353) 1142256130,2021-08-29,Animal feeds,"West Grove, 8089",438151,Limerick
Zara,Freeburn,zara_freeburn1593147546@gmail.com,Éire / Ireland,(+353) 5618556540,2021-08-30,Milling,"Abourne   Lane, 876",417951,Ireland
Wendy,Allen,wendy_allen503906911@muall.tech,Éire / Ireland,(+353) 221734523,2021-08-31,Meat,"Kinglake  Road, 9360",435254,Limerick
William,Gray,william_gray1430547662@fuliss.net,United Kingdom,(+44) 1445543210,2021-08-31,Dairy products,"Bingham   Grove, 4148",413151,London
Wade,Webster,wade_webster1837795819@supunk.biz,United Kingdom,(+44) 8621588838,2021-09-01,Bakery products,"Blake  Route, 8732",423551,Oxford
Wade,Alexander,wade_alexander330181759@cispeto.com,United Kingdom,(+44) 7276180387,2021-09-09,Bakery products,"Gathorne   Street, 9970",427453,Winchester
Willow,Morris,willow_morris1547026985@tonsy.org,United Kingdom,(+44) 822137453,2021-09-17,Animal feeds,"Linden Rue, 5269",427051,Milton Keynes
Wade,Wilton,wade_wilton1347817735@deavo.com,United Kingdom,(+44) 4584673556,2021-10-03,Fruit and vegetables,"Baylis  Hill, 7589",423601,Winchester
Wade,Tennant,wade_tennant1439224457@irrepsy.com,United Kingdom,(+44) 6312610650,2021-10-08,Animal feeds,"Blean   Grove, 7063",428504,London
William,Adams,william_adams1862217059@acrit.org,Éire / Ireland,(+353) 8000326372,2021-10-09,Animal feeds,"Canon Tunnel, 6885",433952,Ireland
William,Tate,william_tate750215510@famism.biz,Éire / Ireland,(+353) 7866635824,2021-10-09,Fruit and vegetables,"Abourne   Crossroad, 2558",419752,Ireland
Winnie,Walter,winnie_walter1068546463@naiker.biz,Éire / Ireland,(+353) 2567604285,2021-10-10,Dairy products,"Collins  Lane, 3994",437452,Ireland
Zara,Freeburn,zara_freeburn2028884073@gembat.biz,Éire / Ireland,(+353) 6224156216,2021-10-11,Meat,"Fieldstone Grove, 9968",428601,Limerick
William,Gray,william_gray2032807054@nimogy.biz,United Kingdom,(+44) 2330324384,2021-10-13,Fruit and vegetables,"Caxton  Lane, 2972",422005,England
William,Howard,william_howard597744615@typill.biz,Éire / Ireland,(+353) 3645656115,2021-10-13,Meat,"Bolton  Route, 1389",439301,Ireland
William,Adams,william_adams1794191375@joiniaa.com,Éire / Ireland,(+353) 8801324274,2021-10-18,Poultry and fish,"Lonsdale  Hill, 6074",434102,Ireland
Wade,Garner,wade_garner1604106184@jiman.org,United Kingdom,(+44) 8332307103,2021-10-21,Fruit and vegetables,"Coalecroft  Route, 2387",416001,Milton Keynes
Wade,Talbot,wade_talbot765436565@dionrab.com,Éire / Ireland,(+353) 8243405771,2021-10-21,Meat,"Rosewood Alley, 54",431303,Limerick
William,Wooldridge,william_wooldridge878113695@vetan.org,United Kingdom,(+44) 6317525775,2021-10-24,Bakery products,"Bendmore  Drive, 3307",416751,Oxford
Wade,Norris,wade_norris61408865@elnee.tech,Éire / Ireland,(+353) 5732133251,2021-10-29,Meat,"Garfield Tunnel, 485",437751,Cork
Zoe,Owen,zoe_owen1652446013@bungar.biz,Éire / Ireland,(+353) 5645416200,2021-11-02,Meat,"Tilloch   Crossroad, 8332",425352,Dublin
Wade,Gates,wade_gates745196951@muall.tech,Éire / Ireland,(+353) 8867706067,2021-11-07,Milling,"Garfield Road, 823",433104,Limerick
William,Wilkinson,william_wilkinson498036762@cispeto.com,Éire / Ireland,(+353) 2274716136,2021-11-07,Fruit and vegetables,"Collins  Hill, 5732",430902,Cork
Zara,Oldfield,zara_oldfield587137840@ubusive.com,United Kingdom,(+44) 7614866578,2021-11-12,Animal feeds,"Jackson Hill, 547",427351,London
Wade,Logan,wade_logan363320393@twipet.com,United Kingdom,(+44) 2226082848,2021-11-13,Animal feeds,"Caldwell   Crossroad, 1355",432605,London
Wade,Thompson,wade_thompson1262912898@guentu.biz,United Kingdom,(+44) 5881288837,2021-11-27,Poultry and fish,"Fairbairn  Lane, 4273",425703,Oxford
Wade,Logan,wade_logan1436414589@gompie.com,Éire / Ireland,(+353) 2620820375,2021-12-02,Poultry and fish,"Gathorne   Boulevard, 745",440451,Ireland
Vivian,Russell,vivian_russell695390295@twace.org,United Kingdom,(+44) 6706678525,2021-12-03,Animal feeds,"Adelaide  Road, 5799",436653,Winchester
William,Wilkinson,william_wilkinson2025879958@nanoff.biz,United Kingdom,(+44) 8404135264,2021-12-07,Poultry and fish,"Clerkenwell Tunnel, 4196",418851,Winchester
William,Hammond,william_hammond115364147@nickia.com,United Kingdom,(+44) 4814246876,2021-12-18,Milling,"Cardinal Crossroad, 4919",413013,England
Wade,Olivier,wade_olivier689563814@yahoo.com,United Kingdom,(+44) 3076116114,2021-12-21,Milling,"Cliff  Crossroad, 1631",420801,Milton Keynes
William,Booth,william_booth583930504@qater.org,Éire / Ireland,(+353) 4136644564,2021-12-25,Poultry and fish,"Ensign   Avenue, 2172",421601,Cork
William,Lee,william_lee1995525048@hourpy.biz,Éire / Ireland,(+353) 3270404334,2021-12-31,Dairy products,"South Drive, 9030",429352,Waterford
Willow,Nash,willow_nash1165890703@fuliss.net,United Kingdom,(+44) 4344202781,2021-12-31,Fruit and vegetables,"Ellerslie Boulevard, 5976",420601,London
