firstname,lastname,raw_email,country,phone,technical_test___create_date,industry,address,hs_object_id
William,Russell,William <william_russell1943282178@deons.tech> Contact Info.,Dublin,1-350-260-784,2021-01-04,Fruit and vegetables,"Chancellor  Drive, 113",418451
Zara,Rodwell,Zara <zara_rodwell1398442854@nickia.com> Contact Info.,Ireland,6-777-367-783,2021-01-09,Fruit and vegetables,"Parkfield  Avenue, 5340",413403
William,Butler,William <william_butler903409012@infotech44.tech> Contact Info.,Waterford,8-716-877-321,2021-01-21,Bakery products,"Battis   Route, 3565",415352
Wade,Anderson,Wade <wade_anderson2007937750@deavo.com> Contact Info.,London,6-174-303-382,2021-01-22,Meat,"Adams  Tunnel, 1181",440851
William,Howard,William <william_howard125389241@bauros.biz> Contact Info.,Ireland,4-016-542-630,2021-01-25,Bakery products,"Glenwood Hill, 2606",426452
Wade,Squire,Wade <wade_squire203830735@gmail.com> Contact Info.,Dublin,6-021-612-161,2021-01-26,Milling,"Sheffield Way, 6710",427101
Wade,Olivier,Wade <wade_olivier1315624253@hourpy.biz> Contact Info.,Oxford,0-547-554-113,2021-01-27,Milling,"Egerton  Road, 3958",422002
Wade,Anderson,Wade <wade_anderson1689656165@cispeto.com> Contact Info.,Winchester,0-416-603-871,2021-01-28,Bakery products,"Callcott   Crossroad, 4279",423302
Zara,Oldfield,Zara <zara_oldfield769606638@atink.com> Contact Info.,Limerick,2-716-506-551,2021-01-28,Meat,"Battersea   Walk, 8093",433703
William,Ellison,William <william_ellison1925260072@qater.org> Contact Info.,Cork,3-002-120-000,2021-01-29,Dairy products,"Bagford   Rue, 8742",419301
William,Drummond,William <william_drummond245745228@deavo.com> Contact Info.,Dublin,3-568-538-141,2021-01-30,Meat,"Tiptree   Alley, 9461",416702
William,Nobbs,William <william_nobbs1412544487@gmail.com> Contact Info.,Oxford,7-327-256-536,2021-02-01,Fruit and vegetables,"St. Jamess  Grove, 7250",422151
Wade,Wilton,Wade <wade_wilton2123816569@nanoff.biz> Contact Info.,Milton Keynes,0-786-142-444,2021-02-07,Poultry and fish,"Chapel  Way, 1152",438751
Winnie,Walter,Winnie <winnie_walter538064895@sheye.org> Contact Info.,Dublin,1-161-604-327,2021-02-10,Dairy products,"Chester      Crossroad, 7070",419852
William,Butler,William <william_butler363279550@acrit.org> Contact Info.,Waterford,8-123-752-430,2021-02-16,Dairy products,"Colombo   Route, 4127",437951
William,Murray,William <william_murray1948546759@guentu.biz> Contact Info.,Cork,6-821-442-556,2021-02-18,Fruit and vegetables,"Abourne   Grove, 6431",431503
Winnie,Bristow,Winnie <winnie_bristow1379132537@sheye.org> Contact Info.,Oxford,1-026-166-508,2021-02-19,Fruit and vegetables,"Aylward   Avenue, 6033",434002
Wade,Partridge,Wade <wade_partridge1910368773@iatim.tech> Contact Info.,Cork,2-530-540-640,2021-02-19,Fruit and vegetables,"Glenwood Street, 8292",435701
William,Hammond,William <william_hammond670313608@womeona.net> Contact Info.,Cork,8-376-318-143,2021-02-26,Animal feeds,"Blanchard  Walk, 7924",418651
Wade,Alexander,Wade <wade_alexander542475192@gembat.biz> Contact Info.,Plymouth,8-034-268-512,2021-03-01,Animal feeds,"Argyle  Route, 5158",416152
William,Sanchez,William <william_sanchez384394044@jiman.org> Contact Info.,Winchester,5-254-677-437,2021-03-01,Meat,"Abbotswell  Vale, 4157",435301
William,Wilkinson,William <william_wilkinson881615937@dionrab.com> Contact Info.,Limerick,2-021-645-301,2021-03-01,Bakery products,"Blackpool  Crossroad, 2845",434251
William,Lee,William <william_lee327623314@eirey.tech> Contact Info.,Waterford,5-361-634-414,2021-03-03,Dairy products,"Charnwood   Drive, 8903",413201
William,Nobbs,William <william_nobbs468549179@sheye.org> Contact Info.,Ireland,1-144-224-164,2021-03-10,Dairy products,"Thoresby   Hill, 154",413068
William,Webster,William <william_webster42710007@iatim.tech> Contact Info.,Plymouth,1-213-478-357,2021-03-20,Milling,"Meadow Vale, 6166",432952
Wade,Gates,Wade <wade_gates1717184332@ovock.tech> Contact Info.,London,5-854-686-161,2021-03-24,Meat,"Sheringham   Avenue, 8029",432051
Willow,Jones,Willow <willow_jones456638849@atink.com> Contact Info.,Waterford,8-438-055-458,2021-03-29,Milling,"Cliffords  Route, 6823",434401
Willow,Nash,Willow <willow_nash743964098@twace.org> Contact Info.,Ireland,6-164-007-600,2021-04-01,Animal feeds,"Cable    Drive, 7975",419751
Wendy,Allen,Wendy <wendy_allen315442473@bungar.biz> Contact Info.,Cork,1-302-815-524,2021-04-02,Dairy products,"Belfort  Road, 1115",435151
William,Ellison,William <william_ellison1928930215@yahoo.com> Contact Info.,Dublin,1-776-628-802,2021-04-02,Poultry and fish,"Queen Way, 4432",429851
Wade,Evans,Wade <wade_evans286489735@twipet.com> Contact Info.,Dublin,7-455-883-101,2021-04-04,Dairy products,"Lincoln Street, 9508",426901
Wendy,Farmer,Wendy <wendy_farmer211975052@gompie.com> Contact Info.,London,4-311-710-435,2021-04-04,Meat,"Elizabeth  Way, 3916",432651
Wade,Webster,Wade <wade_webster2055881459@iatim.tech> Contact Info.,Oxford,8-180-437-646,2021-04-05,Fruit and vegetables,"Beaconsfield  Tunnel, 605",429553
Wade,Broomfield,Wade <wade_broomfield250485269@zorer.org> Contact Info.,Waterford,5-207-332-613,2021-04-14,Milling,"Blean   Way, 2216",423701
William,Tate,William <william_tate2145282000@bauros.biz> Contact Info.,England,0-460-247-716,2021-04-19,Dairy products,"Cato   Avenue, 6705",413952
Wade,Squire,Wade <wade_squire1547863491@fuliss.net> Contact Info.,Ireland,1-302-617-285,2021-04-20,Bakery products,"Under  Grove, 2014",422652
William,Wooldridge,William <william_wooldridge512204749@bauros.biz> Contact Info.,Waterford,4-860-622-866,2021-04-20,Poultry and fish,"Coley  Avenue, 3505",424451
Willow,Jones,Willow <willow_jones1961334962@nanoff.biz> Contact Info.,Dublin,0-755-888-767,2021-04-21,Bakery products,"Lexington Route, 8805",434301
William,Neville,William <william_neville1449359218@gompie.com> Contact Info.,Milton Keynes,4-846-423-365,2021-04-23,Fruit and vegetables,"Canon Way, 9376",431701
Wendy,Farmer,Wendy <wendy_farmer220155607@gembat.biz> Contact Info.,Cork,6-283-805-226,2021-04-28,Meat,"Cingworth  Way, 4969",416251
Zara,Rodwell,Zara <zara_rodwell1270511699@zorer.org> Contact Info.,Dublin,3-386-252-475,2021-04-28,Fruit and vegetables,"Becklow  Way, 8143",432351
Wade,Hamilton,Wade <wade_hamilton544069508@grannar.com> Contact Info.,Waterford,5-648-847-740,2021-04-30,Poultry and fish,"Liverpool  Boulevard, 5485",425802
Wade,Norris,Wade <wade_norris620394876@sheye.org> Contact Info.,Dublin,3-777-553-276,2021-05-08,Milling,"Norland  Avenue, 9497",424002
Wade,Robinson,Wade <wade_robinson2075584090@joiniaa.com> Contact Info.,Winchester,2-488-743-044,2021-05-09,Dairy products,"Cave   Alley, 8023",427701
Wade,Partridge,Wade <wade_partridge1480773915@nimogy.biz> Contact Info.,Waterford,4-038-827-010,2021-05-14,Milling,"St. Jamess  Route, 4469",417351
Willow,Morris,Willow <willow_morris1105172480@qater.org> Contact Info.,Winchester,4-660-745-823,2021-05-20,Fruit and vegetables,"Bellenden   Tunnel, 9570",413251
William,Neville,William <william_neville1250658506@ovock.tech> Contact Info.,Cork,6-504-663-843,2021-05-22,Animal feeds,"Belfort  Lane, 7316",412907
William,Webster,William <william_webster1737049619@fuliss.net> Contact Info.,Winchester,6-547-630-071,2021-05-26,Milling,"Rosewood Pass, 2189",434151
Wade,Talbot,Wade <wade_talbot1250065469@mafthy.com> Contact Info.,Oxford,7-540-403-214,2021-06-11,Bakery products,"Castlereagh   Vale, 902",438901
Winnie,Bristow,Winnie <winnie_bristow1103281781@infotech44.tech> Contact Info.,Milton Keynes,8-602-840-700,2021-06-18,Poultry and fish,"Thomas  Hill, 2473",437902
William,Russell,William <william_russell1435833104@ubusive.com> Contact Info.,England,4-385-477-886,2021-06-28,Animal feeds,"Yorkshire  Alley, 7931",431502
Wade,Watson,Wade <wade_watson1685192390@bretoux.com> Contact Info.,Dublin,3-256-045-275,2021-06-28,Dairy products,"Amwell    Grove, 8499",425301
Wade,Robinson,Wade <wade_robinson831903655@irrepsy.com> Contact Info.,London,0-412-105-607,2021-07-06,Bakery products,"Carolina  Road, 1603",416101
William,Drummond,William <william_drummond876543037@joiniaa.com> Contact Info.,Limerick,3-075-784-742,2021-07-13,Poultry and fish,"Cloth  Lane, 2193",427402
Zoe,Owen,Zoe <zoe_owen450104633@acrit.org> Contact Info.,Waterford,0-774-386-624,2021-07-13,Poultry and fish,"Blackpool  Rue, 6576",416102
William,Lee,William <william_lee1895619270@mafthy.com> Contact Info.,Milton Keynes,0-057-715-101,2021-07-16,Dairy products,"Parkfields Boulevard, 9611",412852
William,Murray,William <william_murray1838900397@womeona.net> Contact Info.,Limerick,3-822-884-437,2021-07-18,Meat,"Chatfield  Way, 4734",413064
William,Sanchez,William <william_sanchez1121153958@yahoo.com> Contact Info.,Ireland,1-335-387-403,2021-07-22,Poultry and fish,"Virgil   Drive, 892",439801
Wade,Tennant,Wade <wade_tennant804260542@grannar.com> Contact Info.,Oxford,0-445-534-178,2021-07-26,Poultry and fish,"Emily  Rue, 2924",429902
Wade,Watson,Wade <wade_watson279793916@famism.biz> Contact Info.,Waterford,5-851-864-635,2021-07-31,Dairy products,"Camley   Way, 7329",435401
Wade,Hamilton,Wade <wade_hamilton1831139772@qater.org> Contact Info.,England,5-377-445-022,2021-08-02,Fruit and vegetables,"Coborn  Avenue, 6372",416154
Wade,Broomfield,Wade <wade_broomfield250795294@supunk.biz> Contact Info.,Oxford,3-445-803-774,2021-08-08,Meat,"Clavell   Boulevard, 2549",431305
Wade,Alexander,Wade <wade_alexander481189081@liret.org> Contact Info.,Dublin,5-481-346-271,2021-08-16,Animal feeds,"Chestnut  Way, 5055",439951
Wade,Garner,Wade <wade_garner1499936226@typill.biz> Contact Info.,Oxford,2-183-232-858,2021-08-16,Bakery products,"Cardinal Route, 8776",424352
William,Booth,William <william_booth683169247@supunk.biz> Contact Info.,Waterford,4-730-104-132,2021-08-22,Milling,"Capeners  Lane, 8350",429451
Wade,Evans,Wade <wade_evans1741289747@bretoux.com> Contact Info.,Plymouth,7-124-054-403,2021-08-24,Bakery products,"Calshot   Avenue, 7122",430301
Wade,Thompson,Wade <wade_thompson931319772@zorer.org> Contact Info.,Limerick,1-142-256-130,2021-08-29,Animal feeds,"West Grove, 8089",438151
Zara,Freeburn,Zara <zara_freeburn1593147546@gmail.com> Contact Info.,Ireland,5-618-556-540,2021-08-30,Milling,"Abourne   Lane, 876",417951
Wendy,Allen,Wendy <wendy_allen503906911@muall.tech> Contact Info.,Limerick,0-221-734-523,2021-08-31,Meat,"Kinglake  Road, 9360",435254
William,Gray,William <william_gray1430547662@fuliss.net> Contact Info.,London,1-445-543-210,2021-08-31,Dairy products,"Bingham   Grove, 4148",413151
Wade,Webster,Wade <wade_webster1837795819@supunk.biz> Contact Info.,Oxford,8-621-588-838,2021-09-01,Bakery products,"Blake  Route, 8732",423551
Wade,Alexander,Wade <wade_alexander330181759@cispeto.com> Contact Info.,Winchester,7-276-180-387,2021-09-09,Bakery products,"Gathorne   Street, 9970",427453
Willow,Morris,Willow <willow_morris1547026985@tonsy.org> Contact Info.,Milton Keynes,0-822-137-453,2021-09-17,Animal feeds,"Linden Rue, 5269",427051
Wade,Wilton,Wade <wade_wilton1347817735@deavo.com> Contact Info.,Winchester,4-584-673-556,2021-10-03,Fruit and vegetables,"Baylis  Hill, 7589",423601
Wade,Tennant,Wade <wade_tennant1439224457@irrepsy.com> Contact Info.,London,6-312-610-650,2021-10-08,Animal feeds,"Blean   Grove, 7063",428504
William,Adams,William <william_adams1862217059@acrit.org> Contact Info.,Ireland,8-000-326-372,2021-10-09,Animal feeds,"Canon Tunnel, 6885",433952
William,Tate,William <william_tate750215510@famism.biz> Contact Info.,Ireland,7-866-635-824,2021-10-09,Fruit and vegetables,"Abourne   Crossroad, 2558",419752
Winnie,Walter,Winnie <winnie_walter1068546463@naiker.biz> Contact Info.,Ireland,2-567-604-285,2021-10-10,Dairy products,"Collins  Lane, 3994",437452
Zara,Freeburn,Zara <zara_freeburn2028884073@gembat.biz> Contact Info.,Limerick,6-224-156-216,2021-10-11,Meat,"Fieldstone Grove, 9968",428601
William,Gray,William <william_gray2032807054@nimogy.biz> Contact Info.,England,2-330-324-384,2021-10-13,Fruit and vegetables,"Caxton  Lane, 2972",422005
William,Howard,William <william_howard597744615@typill.biz> Contact Info.,Ireland,3-645-656-115,2021-10-13,Meat,"Bolton  Route, 1389",439301
William,Adams,William <william_adams1794191375@joiniaa.com> Contact Info.,Ireland,8-801-324-274,2021-10-18,Poultry and fish,"Lonsdale  Hill, 6074",434102
Wade,Garner,Wade <wade_garner1604106184@jiman.org> Contact Info.,Milton Keynes,8-332-307-103,2021-10-21,Fruit and vegetables,"Coalecroft  Route, 2387",416001
Wade,Talbot,Wade <wade_talbot765436565@dionrab.com> Contact Info.,Limerick,8-243-405-771,2021-10-21,Meat,"Rosewood Alley, 54",431303
William,Wooldridge,William <william_wooldridge878113695@vetan.org> Contact Info.,Oxford,6-317-525-775,2021-10-24,Bakery products,"Bendmore  Drive, 3307",416751
Wade,Norris,Wade <wade_norris61408865@elnee.tech> Contact Info.,Cork,5-732-133-251,2021-10-29,Meat,"Garfield Tunnel, 485",437751
Zoe,Owen,Zoe <zoe_owen1652446013@bungar.biz> Contact Info.,Dublin,5-645-416-200,2021-11-02,Meat,"Tilloch   Crossroad, 8332",425352
Wade,Gates,Wade <wade_gates745196951@muall.tech> Contact Info.,Limerick,8-867-706-067,2021-11-07,Milling,"Garfield Road, 823",433104
William,Wilkinson,William <william_wilkinson498036762@cispeto.com> Contact Info.,Cork,2-274-716-136,2021-11-07,Fruit and vegetables,"Collins  Hill, 5732",430902
Zara,Oldfield,Zara <zara_oldfield587137840@ubusive.com> Contact Info.,London,7-614-866-578,2021-11-12,Animal feeds,"Jackson Hill, 547",427351
Wade,Logan,Wade <wade_logan363320393@twipet.com> Contact Info.,London,2-226-082-848,2021-11-13,Animal feeds,"Caldwell   Crossroad, 1355",432605
Wade,Thompson,Wade <wade_thompson1262912898@guentu.biz> Contact Info.,Oxford,5-881-288-837,2021-11-27,Poultry and fish,"Fairbairn  Lane, 4273",425703
Wade,Logan,Wade <wade_logan1436414589@gompie.com> Contact Info.,Ireland,2-620-820-375,2021-12-02,Poultry and fish,"Gathorne   Boulevard, 745",440451
Vivian,Russell,Vivian <vivian_russell695390295@twace.org> Contact Info.,Winchester,6-706-678-525,2021-12-03,Animal feeds,"Adelaide  Road, 5799",436653
William,Wilkinson,William <william_wilkinson2025879958@nanoff.biz> Contact Info.,Winchester,8-404-135-264,2021-12-07,Poultry and fish,"Clerkenwell Tunnel, 4196",418851
William,Hammond,William <william_hammond115364147@nickia.com> Contact Info.,England,4-814-246-876,2021-12-18,Milling,"Cardinal Crossroad, 4919",413013
Wade,Olivier,Wade <wade_olivier689563814@yahoo.com> Contact Info.,Milton Keynes,3-076-116-114,2021-12-21,Milling,"Cliff  Crossroad, 1631",420801
William,Booth,William <william_booth583930504@qater.org> Contact Info.,Cork,4-136-644-564,2021-12-25,Poultry and fish,"Ensign   Avenue, 2172",421601
William,Lee,William <william_lee1995525048@hourpy.biz> Contact Info.,Waterford,3-270-404-334,2021-12-31,Dairy products,"South Drive, 9030",429352
Willow,Nash,Willow <willow_nash1165890703@fuliss.net> Contact Info.,London,4-344-202-781,2021-12-31,Fruit and vegetables,"Ellerslie Boulevard, 5976",420601
