firstname,lastname,raw_email,country,phone,technical_test___create_date,industry,address,hs_object_id,city,unique_id
Vivian,Russell,vivian_russell695390295@twace.org,United Kingdom,(+44) 6706678525,2021-12-03,;Animal feeds,"Adelaide  Road, 5799",436653,Winchester,VivianRussell
Wade,Alexander,wade_alexander330181759@cispeto.com,United Kingdom,(+44) 7276180387,2021-09-09,;Animal feeds;Bakery products,"Gathorne   Street, 9970",427453,Winchester,WadeAlexander
Wade,Anderson,wade_anderson1689656165@cispeto.com,United Kingdom,(+44) 416603871,2021-01-28,;Bakery products;Meat,"Callcott   Crossroad, 4279",423302,Winchester,WadeAnderson
Wade,Broomfield,wade_broomfield250795294@supunk.biz,United Kingdom,(+44) 3445803774,2021-08-08,;Meat;Milling,"Clavell   Boulevard, 2549",431305,Oxford,WadeBroomfield
Wade,Evans,wade_evans1741289747@bretoux.com,United Kingdom,(+44) 7124054403,2021-08-24,;Bakery products;Dairy products,"Calshot   Avenue, 7122",430301,Plymouth,WadeEvans
Wade,Garner,wade_garner1604106184@jiman.org,United Kingdom,(+44) 8332307103,2021-10-21,;Bakery products;Fruit and vegetables,"Coalecroft  Route, 2387",416001,Milton Keynes,WadeGarner
Wade,Gates,wade_gates745196951@muall.tech,Éire / Ireland,(+353) 8867706067,2021-11-07,;Meat;Milling,"Garfield Road, 823",433104,Limerick,WadeGates
Wade,Hamilton,wade_hamilton1831139772@qater.org,United Kingdom,(+44) 5377445022,2021-08-02,;Fruit and vegetables;Poultry and fish,"Coborn  Avenue, 6372",416154,England,WadeHamilton
Wade,Logan,wade_logan1436414589@gompie.com,Éire / Ireland,(+353) 2620820375,2021-12-02,;Animal feeds;Poultry and fish,"Gathorne   Boulevard, 745",440451,Ireland,WadeLogan
Wade,Norris,wade_norris61408865@elnee.tech,Éire / Ireland,(+353) 5732133251,2021-10-29,;Meat;Milling,"Garfield Tunnel, 485",437751,Cork,WadeNorris
Wade,Olivier,wade_olivier689563814@yahoo.com,United Kingdom,(+44) 3076116114,2021-12-21,;Milling,"Cliff  Crossroad, 1631",420801,Milton Keynes,WadeOlivier
Wade,Partridge,wade_partridge1480773915@nimogy.biz,Éire / Ireland,(+353) 4038827010,2021-05-14,;Fruit and vegetables;Milling,"St. Jamess  Route, 4469",417351,Waterford,WadePartridge
Wade,Robinson,wade_robinson831903655@irrepsy.com,United Kingdom,(+44) 412105607,2021-07-06,;Bakery products;Dairy products,"Carolina  Road, 1603",416101,London,WadeRobinson
Wade,Squire,wade_squire1547863491@fuliss.net,Éire / Ireland,(+353) 1302617285,2021-04-20,;Bakery products;Milling,"Under  Grove, 2014",422652,Ireland,WadeSquire
Wade,Talbot,wade_talbot765436565@dionrab.com,Éire / Ireland,(+353) 8243405771,2021-10-21,;Bakery products;Meat,"Rosewood Alley, 54",431303,Limerick,WadeTalbot
Wade,Tennant,wade_tennant1439224457@irrepsy.com,United Kingdom,(+44) 6312610650,2021-10-08,;Animal feeds;Poultry and fish,"Blean   Grove, 7063",428504,London,WadeTennant
Wade,Thompson,wade_thompson1262912898@guentu.biz,United Kingdom,(+44) 5881288837,2021-11-27,;Animal feeds;Poultry and fish,"Fairbairn  Lane, 4273",425703,Oxford,WadeThompson
Wade,Watson,wade_watson279793916@famism.biz,Éire / Ireland,(+353) 5851864635,2021-07-31,;Dairy products,"Camley   Way, 7329",435401,Waterford,WadeWatson
Wade,Webster,wade_webster1837795819@supunk.biz,United Kingdom,(+44) 8621588838,2021-09-01,;Bakery products;Fruit and vegetables,"Blake  Route, 8732",423551,Oxford,WadeWebster
Wade,Wilton,wade_wilton1347817735@deavo.com,United Kingdom,(+44) 4584673556,2021-10-03,;Fruit and vegetables;Poultry and fish,"Baylis  Hill, 7589",423601,Winchester,WadeWilton
Wendy,Allen,wendy_allen503906911@muall.tech,Éire / Ireland,(+353) 221734523,2021-08-31,;Dairy products;Meat,"Kinglake  Road, 9360",435254,Limerick,WendyAllen
Wendy,Farmer,wendy_farmer220155607@gembat.biz,Éire / Ireland,(+353) 6283805226,2021-04-28,;Meat,"Cingworth  Way, 4969",416251,Cork,WendyFarmer
William,Adams,william_adams1794191375@joiniaa.com,Éire / Ireland,(+353) 8801324274,2021-10-18,;Animal feeds;Poultry and fish,"Lonsdale  Hill, 6074",434102,Ireland,WilliamAdams
William,Booth,william_booth583930504@qater.org,Éire / Ireland,(+353) 4136644564,2021-12-25,;Milling;Poultry and fish,"Ensign   Avenue, 2172",421601,Cork,WilliamBooth
William,Butler,william_butler363279550@acrit.org,Éire / Ireland,(+353) 8123752430,2021-02-16,;Bakery products;Dairy products,"Colombo   Route, 4127",437951,Waterford,WilliamButler
William,Drummond,william_drummond876543037@joiniaa.com,Éire / Ireland,(+353) 3075784742,2021-07-13,;Meat;Poultry and fish,"Cloth  Lane, 2193",427402,Limerick,WilliamDrummond
William,Ellison,william_ellison1928930215@yahoo.com,Éire / Ireland,(+353) 1776628802,2021-04-02,;Dairy products;Poultry and fish,"Queen Way, 4432",429851,Dublin,WilliamEllison
William,Gray,william_gray2032807054@nimogy.biz,United Kingdom,(+44) 2330324384,2021-10-13,;Dairy products;Fruit and vegetables,"Caxton  Lane, 2972",422005,England,WilliamGray
William,Hammond,william_hammond115364147@nickia.com,United Kingdom,(+44) 4814246876,2021-12-18,;Animal feeds;Milling,"Cardinal Crossroad, 4919",413013,England,WilliamHammond
William,Howard,william_howard597744615@typill.biz,Éire / Ireland,(+353) 3645656115,2021-10-13,;Bakery products;Meat,"Bolton  Route, 1389",439301,Ireland,WilliamHoward
William,Lee,william_lee1995525048@hourpy.biz,Éire / Ireland,(+353) 3270404334,2021-12-31,;Dairy products,"South Drive, 9030",429352,Waterford,WilliamLee
William,Murray,william_murray1838900397@womeona.net,Éire / Ireland,(+353) 3822884437,2021-07-18,;Fruit and vegetables;Meat,"Chatfield  Way, 4734",413064,Limerick,WilliamMurray
William,Neville,william_neville1250658506@ovock.tech,Éire / Ireland,(+353) 6504663843,2021-05-22,;Animal feeds;Fruit and vegetables,"Belfort  Lane, 7316",412907,Cork,WilliamNeville
William,Nobbs,william_nobbs468549179@sheye.org,Éire / Ireland,(+353) 1144224164,2021-03-10,;Dairy products;Fruit and vegetables,"Thoresby   Hill, 154",413068,Ireland,WilliamNobbs
William,Russell,william_russell1435833104@ubusive.com,United Kingdom,(+44) 4385477886,2021-06-28,;Animal feeds;Fruit and vegetables,"Yorkshire  Alley, 7931",431502,England,WilliamRussell
William,Sanchez,william_sanchez1121153958@yahoo.com,Éire / Ireland,(+353) 1335387403,2021-07-22,;Meat;Poultry and fish,"Virgil   Drive, 892",439801,Ireland,WilliamSanchez
William,Tate,william_tate750215510@famism.biz,Éire / Ireland,(+353) 7866635824,2021-10-09,;Dairy products;Fruit and vegetables,"Abourne   Crossroad, 2558",419752,Ireland,WilliamTate
William,Webster,william_webster1737049619@fuliss.net,United Kingdom,(+44) 6547630071,2021-05-26,;Milling,"Rosewood Pass, 2189",434151,Winchester,WilliamWebster
William,Wilkinson,william_wilkinson2025879958@nanoff.biz,United Kingdom,(+44) 8404135264,2021-12-07,;Bakery products;Fruit and vegetables;Poultry and fish,"Clerkenwell Tunnel, 4196",418851,Winchester,WilliamWilkinson
William,Wooldridge,william_wooldridge878113695@vetan.org,United Kingdom,(+44) 6317525775,2021-10-24,;Bakery products;Poultry and fish,"Bendmore  Drive, 3307",416751,Oxford,WilliamWooldridge
Willow,Jones,willow_jones1961334962@nanoff.biz,Éire / Ireland,(+353) 755888767,2021-04-21,;Bakery products;Milling,"Lexington Route, 8805",434301,Dublin,WillowJones
Willow,Morris,willow_morris1547026985@tonsy.org,United Kingdom,(+44) 822137453,2021-09-17,;Animal feeds;Fruit and vegetables,"Linden Rue, 5269",427051,Milton Keynes,WillowMorris
Willow,Nash,willow_nash1165890703@fuliss.net,United Kingdom,(+44) 4344202781,2021-12-31,;Animal feeds;Fruit and vegetables,"Ellerslie Boulevard, 5976",420601,London,WillowNash
Winnie,Bristow,winnie_bristow1103281781@infotech44.tech,United Kingdom,(+44) 8602840700,2021-06-18,;Fruit and vegetables;Poultry and fish,"Thomas  Hill, 2473",437902,Milton Keynes,WinnieBristow
Winnie,Walter,winnie_walter1068546463@naiker.biz,Éire / Ireland,(+353) 2567604285,2021-10-10,;Dairy products,"Collins  Lane, 3994",437452,Ireland,WinnieWalter
Zara,Freeburn,zara_freeburn2028884073@gembat.biz,Éire / Ireland,(+353) 6224156216,2021-10-11,;Meat;Milling,"Fieldstone Grove, 9968",428601,Limerick,ZaraFreeburn
Zara,Oldfield,zara_oldfield587137840@ubusive.com,United Kingdom,(+44) 7614866578,2021-11-12,;Animal feeds;Meat,"Jackson Hill, 547",427351,London,ZaraOldfield
Zara,Rodwell,zara_rodwell1270511699@zorer.org,Éire / Ireland,(+353) 3386252475,2021-04-28,;Fruit and vegetables,"Becklow  Way, 8143",432351,Dublin,ZaraRodwell
Zoe,Owen,zoe_owen1652446013@bungar.biz,Éire / Ireland,(+353) 5645416200,2021-11-02,;Meat;Poultry and fish,"Tilloch   Crossroad, 8332",425352,Dublin,ZoeOwen
